respid,text,sex,age_cohort,political_id3,college
5,동포이니까,Male,40-49,Conservative,No college
6,유창한 한국어,Male,30-39,Centrist,Some college or more
7,없음,Male,40-49,Centrist,Some college or more
8,국적 우선시 함,Female,40-49,Centrist,Some college or more
9,동포,Male,60+,Centrist,Some college or more
10,구직활동이 등록되어 있음,Female,30-39,Progressive,Some college or more
12,한국의 국익과 인권을 위해 이민을 검토하면 될 것 같음,Female,50-59,Conservative,Some college or more
13,한국에 필요한사람같아서,Female,60+,Conservative,No college
14,여자이므로,Male,40-49,Centrist,Some college or more
15,구직 활동에 대한 유무 및 완료 사항,Male,40-49,Progressive,Some college or more
17,같은 민족이라서,Female,18-29,Centrist,Some college or more
18,북한사람이 우리나라 말을 더 잘하기 때문에,Female,18-29,Progressive,Some college or more
20,확실히 근면 성실한 신뢰성이 있는자,Male,60+,Conservative,No college
21,언어구사력,Male,30-39,Conservative,Some college or more
22,한국어 사용,Male,50-59,Progressive,Some college or more
23,이민을 해서 나라에 더 이바지할것 같다,Female,30-39,Centrist,Some college or more
24,조건이 더 좋은것 같아서,Male,60+,Progressive,No college
25,한국어 의사소통 능력,Male,40-49,Centrist,Some college or more
26,이미지,Female,60+,Progressive,No college
27,착실하게 정착해서 생활할 가능성이 커보여서,Female,30-39,Centrist,Some college or more
28,동포이며 절실함이있는사람,Male,60+,Progressive,Some college or more
29,확실히 구직목표가 있다,Female,18-29,Centrist,Some college or more
30,이념적 성향이 우선,Male,50-59,Conservative,Some college or more
31,구직계획,Male,18-29,Centrist,Some college or more
32,어려움 없이 잘 정착할 것 같아서,Male,50-59,Centrist,Some college or more
33,신원의 확실성을 알기 우해서,Female,50-59,Centrist,Some college or more
35,좀더 적응을 잘 할듯,Male,18-29,Centrist,Some college or more
37,둘 다 선호하지 않음.,Male,30-39,Centrist,Some college or more
38,미국사람은 일본사람보다 신뢰가 간다,Female,30-39,Centrist,Some college or more
39,특별한 이유 없음,Male,30-39,Progressive,Some college or more
41,친근감,Male,40-49,Centrist,Some college or more
42,농부로서 구직활동을 하겠다는 점,Male,60+,Conservative,Some college or more
45,한국어를 유능하게 잘 해서~,Female,60+,Centrist,Some college or more
46,확실한 구직의사,Male,50-59,Conservative,Some college or more
47,신뢰가 가서,Male,50-59,Centrist,No college
48,고용계약이 된 사람이라서,Male,50-59,Progressive,Some college or more
49,아무래도 정서적으로 가까운...,Female,50-59,Centrist,Some college or more
50,더 호감이 가서,Female,40-49,Progressive,Some college or more
52,1후보자 사무직은 우리 인력이 남아 도는 경우지만 2후보자의 과학연구직은 필요 인력,Female,40-49,Centrist,Some college or more
53,"망명, 남자, 농부",Male,50-59,Progressive,Some college or more
55,다시 한번 검증할 대상이기 때문,Male,60+,Progressive,Some college or more
58,우리나라에 이익이 가느냐 안 가느냐의 유무,Female,50-59,Centrist,No college
59,출신지때문에,Female,50-59,Centrist,Some college or more
60,직업이 있어서,Female,30-39,Centrist,Some college or more
61,동포이기때문,Female,50-59,Conservative,Some college or more
62,동포이자 농사로 국가 발전에 조금 더 이득일 듯,Male,30-39,Conservative,Some college or more
64,직업,Female,40-49,Centrist,No college
65,마음에 들었다,Female,40-49,Centrist,Some college or more
66,전체적으로 파악하여 선택 하였다,Male,50-59,Progressive,Some college or more
67,"1. 예맨보단 북한의 같은 민족이 좋을것으로 판단됨.(단, 간첩이 아니라는것이 확실할때) 2. 우방국인 미국이기떄문에 문제가 없을것 3. 중국은 싫음.",Male,30-39,Conservative,Some college or more
68,예멘(이슬람)인의 입국보다는 중국인이 낫다.,Male,30-39,Conservative,Some college or more
70,"우리나라에서 일하고 적응 잘하면 문제없이 살수 있을것 같아서요,, 아무준비 없이 오는 사람들은 받아주고 싶지 않아요, 나라세금으로 그사람들에게 가는게 너무 아쉽습니다. 우리나라사람도 정말 필요로 하는 세금들이 많잖아요,,",Female,40-49,Centrist,No college
71,우선적으로 한국 오는 이유가 정확한 사람을 뽑고 싶었습니다,Female,30-39,Progressive,Some college or more
72,진정성,Female,30-39,Conservative,Some college or more
73,단기근무이기 때문,Male,50-59,Conservative,Some college or more
75,보지,Female,40-49,Centrist,Some college or more
77,구직계획이 있음,Male,60+,Centrist,Some college or more
76,여성이면서 직업이 좋은것같아서,Male,60+,Conservative,Some college or more
78,이민이 꼭 필요할것 같아서,Female,40-49,Progressive,Some college or more
80,국내활동가능성,Male,40-49,Progressive,Some college or more
81,아무래도 같은 동포니까 선택했습니다,Female,50-59,Conservative,Some college or more
83,우리말을 잘 하는지와 같은 동포로서 우리 사회에 동화되기 쉬운지를 판단했을 때 더 나아 보여서,Female,40-49,Conservative,Some college or more
84,이민이 절박해 보여서,Male,30-39,Conservative,Some college or more
85,"동포, 간호사, 여성",Male,60+,Progressive,Some college or more
86,사무직,Female,18-29,Centrist,Some college or more
87,같은 국가라면 여성의 이민이 더 낫다고 판단,Male,30-39,Centrist,Some college or more
88,한국에 이민을 온 명확한 계획성과 준비성이 있어서 믿을수 있다는 신임을 가질수 있엇다,Male,30-39,Conservative,Some college or more
89,"사용자와의 계약 완료인가, 아닌가를 중점적으로 살폈음",Female,60+,Progressive,Some college or more
90,출신국가,Male,60+,Centrist,No college
91,직업이 간호사인게 맘에 들었다. 점점 수명이 늘어나면서 간병인들의 수요가 높아지는데 반해 공급이 원활하지 않은게 사실이다. 물론 간호사이긴 하지만 노인요양병원이나 간병인으로 활용하면 우리 사회에 좋게 작용할 거 같다.,Female,30-39,Conservative,Some college or more
92,한국말을 할 줄 알면 적응하기 쉬울 거 같다.,Female,40-49,Centrist,Some college or more
93,북한출신 재정착 지원이 동포애차원에서 선호됨,Male,60+,Conservative,No college
94,한국에서 놀고 먹은 이유가 없어보임,Male,50-59,Centrist,Some college or more
95,고용주와의 취직여부를우선적으로 고려함,Male,18-29,Conservative,No college
96,이민국의언어와교육으로준비되어있음,Male,60+,Progressive,Some college or more
97,망명은 어쩔수 없는 상황에서 한것으로 판단,Male,40-49,Centrist,Some college or more
98,이민의 구체적인 사유가 있어보였음,Female,30-39,Progressive,Some college or more
99,재정착,Male,30-39,Centrist,Some college or more
100,한국어실력 이민목적,Male,18-29,Progressive,Some college or more
101,더 신뢰감이 가서,Male,50-59,Conservative,Some college or more
102,의사라는 직업의 활용,Male,18-29,Conservative,Some college or more
103,IT관련 종사자를 선호했다.,Male,30-39,Centrist,Some college or more
104,면접완료,Male,40-49,Progressive,Some college or more
105,고용주와 계약된 단기근무라서,Female,40-49,Progressive,Some college or more
106,안전성,Female,50-59,Centrist,Some college or more
107,신원이 좀더 확실해 보임. (과거 데이타가 더 필요) 한국에 오려는 목적을 명확히 파악할 필요 있음.,Male,40-49,Centrist,Some college or more
108,일본인,Male,50-59,Conservative,Some college or more
109,한국어가 유창함,Female,50-59,Conservative,No college
110,그나마 고르자면 잠깐만 머무니까 선호가 간다고 느낌 대한민국도 모든 사람이 잘 사는게 아니라 그 못사는 사람을 지원해줄지 언정 이민한 사람을 그닥 환영하고 싶지는 않음,Male,18-29,Centrist,Some college or more
111,단기근무를 위한 신청이라 심사를 까다롭게 할 이유가 적어서,Male,40-49,Centrist,Some college or more
112,한국에 필요한 사람인 것 같아서,Female,30-39,Conservative,Some college or more
113,언어 능력,Female,18-29,Progressive,No college
116,성실성,Female,50-59,Conservative,No college
117,한국에 이민오기위해 준비를 많이한걸로 판단되기 때문(예를들어 취업을 위해 이미 준비하고 취업이 된 상태로 신청한 사람들이기 때문에),Female,40-49,Progressive,Some college or more
118,언어,Male,60+,Progressive,Some college or more
119,노력이보임,Female,50-59,Centrist,Some college or more
121,자국의경제력이 좀더 나은 이민자들이 흡수되면 여러가지로 우리나라에 끼치는 영항력이 더 나을거 같아서,Female,50-59,Centrist,No college
122,사회적인 문제를 일으킬 만한 사람은 아닐것으로 간주되어서,Female,18-29,Conservative,Some college or more
123,재정착의 이유이기 때문에,Female,18-29,Centrist,Some college or more
124,"같은 민족, 한국어나 한국문화에 익숙한 사람을 우선으로 해야함",Male,30-39,Centrist,Some college or more
125,한국말도 어느 정도 할줄 알고 직장도 있고 동포이기 때문,Male,50-59,Centrist,Some college or more
126,베트남,Male,50-59,Centrist,Some college or more
127,한국과 친근함이 보임,Female,40-49,Progressive,Some college or more
128,한국에 정착해서 살아갈수 있을것 같은 사람,Male,60+,Progressive,No college
129,부단한노력,Female,50-59,Progressive,No college
131,"동포이고, 또 한국에서 구직활동하면서 생산성에 기여할 수 있어서",Male,50-59,Centrist,Some college or more
132,한국어도 유창하고 취업도 보장되므로 한국에서 살기에 어려움이 없을 것같아서,Female,50-59,Centrist,Some college or more
133,우리 사회와 동화될 수 있어서,Male,50-59,Centrist,Some college or more
134,연민,Male,18-29,Centrist,Some college or more
135,고용주와 계약 완료되서,Female,18-29,Progressive,Some college or more
136,한국에 살려는 의지,Male,60+,Conservative,Some college or more
137,취업이 확정이 되어서 선택하였습니다,Female,30-39,Centrist,Some college or more
140,"이민국 고유의 문화에 얼만큼 잘 어우러질 수 있는지, 토착민들과 잘 융합될 수 있는지의 여부를 따져봤다",Female,18-29,Progressive,Some college or more
141,한국어가 유창하고 재정착,Male,30-39,Progressive,Some college or more
142,어쨋든 우리 동포이면서 연구원이라서 우리 사회에 도움이 될듯해서,Female,50-59,Centrist,Some college or more
144,"첫째 동포이었으며, 두째는 취업 의지가 있었음.",Male,60+,Conservative,No college
145,나의주관,Male,40-49,Progressive,No college
146,우리나라에서 이점만 취하고 먹튀하려는지 여부를 가늠해봤음,Female,30-39,Conservative,Some college or more
147,확실한 동기가 있으며 우리나라에 필요 인력군임,Female,40-49,Progressive,Some college or more
148,이민을 좀 더 확실히 원하는 프로필이였다,Male,40-49,Centrist,Some college or more
149,같은 민족이기때문에,Female,30-39,Conservative,Some college or more
150,"특별한 이유 없고, 위험성이 낮으니까",Female,50-59,Conservative,No college
151,한국어 사용 가능여부 취업 의지 여부,Male,30-39,Centrist,Some college or more
152,조금이라도 의지가 보여서,Male,18-29,Centrist,Some college or more
154,동포이고 단기근무자이기때문에 바로 출국이 가능하기 때문,Female,50-59,Centrist,Some college or more
155,중국출신이 아님,Male,60+,Centrist,Some college or more
156,능력있는 이민자는 망명하는쪽이 좋아서,Male,18-29,Progressive,No college
157,우리와 같은 민족으로 비록 한국어를 잘 하지 못하더라도 곧 잘 정착하리라 보아서 선택함,Female,50-59,Centrist,No college
158,출신지와 개인이 처한 상황.그리고 우리말을 배우려고 하는 자세,Male,60+,Progressive,No college
159,그나마 최선책을 찾은것뿐이지 선호하는 프로필은 존재하지 않았다,Male,18-29,Centrist,No college
160,친절,Male,18-29,Progressive,No college
161,한국어을잘해서,Female,50-59,Progressive,Some college or more
162,특별한 이유는없다,Female,50-59,Conservative,Some college or more
163,없음,Male,50-59,Centrist,Some college or more
164,사회에 도움이될만한사람을뽑음,Female,30-39,Centrist,No college
165,한국어 가능여부 및 출신국,Male,30-39,Centrist,Some college or more
166,...........,Female,50-59,Progressive,No college
167,한국어 유창성,Female,18-29,Conservative,No college
168,2명중 그나마 괜찮은 사람인거같다,Male,18-29,Centrist,Some college or more
169,한국에 정착하려는 의지가 강하다,Female,40-49,Centrist,Some college or more
171,보기에좋다,Male,40-49,Centrist,Some college or more
172,자국에 도움이 되는 사람,Female,50-59,Centrist,No college
173,출신지가 미국이고 직업이 괜찮아서,Male,60+,Conservative,No college
174,우리나라에 들어와서 위험성이 조금이라도 적을 것이라고 생각된 쪽을 선택함,Male,30-39,Centrist,Some college or more
175,재정착,Male,50-59,Conservative,Some college or more
176,망명은 확시한 이유가 있어서,Male,50-59,Progressive,Some college or more
178,확실한 직업,Male,60+,Conservative,Some college or more
179,아무래도 교육 수준이 높은 사람이 더 적응하기 슁 ㄹ것 같애서요,Female,60+,Progressive,Some college or more
180,신뢰,Female,30-39,Centrist,Some college or more
181,동포,Male,30-39,Progressive,Some college or more
183,구직의사 및 출신국가가 중요하다고 생각함 동포라고 해서 다 같은 동포라고 생각진 않음,Male,30-39,Centrist,Some college or more
184,한국어의 사용정도,Male,40-49,Centrist,Some college or more
185,동포라는 이미지가 좋았다,Male,50-59,Centrist,Some college or more
186,"국적, 민족성, 적응가능성 등을 순서대로 가산함",Male,40-49,Centrist,Some college or more
187,예멘 출신의 종교를 선호하지 않기 때문임,Male,30-39,Conservative,Some college or more
188,신뢰가 있어서,Female,18-29,Progressive,Some college or more
189,특별한이유없음,Male,40-49,Progressive,Some college or more
190,면접을 기다린다는 점이 신뢰가 가서,Male,30-39,Conservative,Some college or more
191,한국어 사용 능력,Male,40-49,Progressive,Some college or more
192,한국어능력,Male,50-59,Centrist,No college
193,동포,Male,50-59,Progressive,Some college or more
194,열심히 살것 같다,Female,50-59,Conservative,Some college or more
195,우리동포,Male,30-39,Progressive,Some college or more
196,한국어가 어느정도 가능하여 정착후 어려움이 크지않을것이고 예멘인은 단기로 머무를 것이라고 하여 허가해주고싶지않음,Female,18-29,Conservative,Some college or more
197,좀 더 안전한 사람으로 여겨지고 계획이 있어보임,Female,18-29,Conservative,Some college or more
198,계획이 있어서 (어느정도),Male,18-29,Progressive,Some college or more
199,국적 직업 선호,Female,40-49,Progressive,Some college or more
200,경제적인 면,Male,40-49,Centrist,Some college or more
201,정상국가,Male,40-49,Progressive,Some college or more
203,"직업, 정착가능성",Male,40-49,Progressive,Some college or more
204,지금시기가 확정적이지 않아서,Male,40-49,Progressive,No college
205,취업이 완료된 사람이라면 정착하는데 수월할 것 같아서,Male,30-39,Centrist,Some college or more
206,너무 좋아요,Male,18-29,Centrist,No college
207,일을 할수있는 상태,Male,18-29,Centrist,Some college or more
208,모름,Female,40-49,Centrist,No college
209,우리나라 정착해서 잘 지낼거 같아서,Female,30-39,Centrist,No college
210,북한과 평화모드가 조성되길 바라는 마음에,Female,30-39,Centrist,Some college or more
211,이민이 좀더 필요해 보여서,Female,18-29,Centrist,Some college or more
212,일단 한국어를 잘한다는 점에서,Female,18-29,Centrist,Some college or more
213,필요하기 떄문,Male,40-49,Progressive,Some college or more
215,현실 적응력이 나을듯 함,Male,50-59,Centrist,Some college or more
216,한국어 소통이 가능하고 농사일을 하기 위하여 필요한 요건이 충족된다고 판단됩니다.,Male,50-59,Progressive,Some college or more
219,우리나라에 도움이 되고 단순 육체노동자가 아니라서,Female,40-49,Conservative,Some college or more
202,신뢰도,Male,30-39,Progressive,Some college or more
220,"원활한 한국어, 고용확인",Male,30-39,Centrist,Some college or more
221,고용완료,Male,18-29,Centrist,No college
222,우리나라 동포이니까,Male,40-49,Progressive,No college
223,국적에따른 호감도,Male,60+,Conservative,Some college or more
224,한국어가 가능하고 구직을 하였기 때문이다,Female,30-39,Centrist,Some college or more
225,한국에 오는 뚜렷한 계획이 있기 때문에,Female,18-29,Centrist,Some college or more
226,우리나라도 타민족의 이민을 유연하게 받아 들여야 한다고 생각함,Female,50-59,Progressive,No college
227,"선진국,어느정도 교육을 받은 지성인,국가에 이득이 될 수 있는 직업조건,여성",Male,40-49,Centrist,Some college or more
228,가장 우선은 조금이라도 국민에게 해가 될만한 여지가 있는지를 생각합니다.,Female,40-49,Centrist,Some college or more
229,"여성, 서투른 한국어라도 연습하였다는 점",Female,30-39,Centrist,Some college or more
230,조금더 안전하게 보인다.,Male,18-29,Progressive,Some college or more
231,"베트남과 관계가 좋아지고 있고, 의사로서 도움이 될 것 같음",Male,40-49,Progressive,Some college or more
232,둘다 싫지만 그나마 여성 후보자가 낫다. 예멘 국적 남성에 대한 편견이 있다,Female,18-29,Centrist,Some college or more
233,구직활동,Female,40-49,Centrist,Some college or more
234,언어적인 부분,Male,30-39,Centrist,Some college or more
235,없음,Male,50-59,Conservative,No college
237,민족성 및 한국어 구사 가능 여부와 구직 계약 완료여부 등 복합적,Female,18-29,Progressive,Some college or more
238,"방금이 바로 앞의 예를 말하는지? 언어, 목적 등",Female,40-49,Progressive,Some college or more
239,한국어를 하고 확실한 직업이 있는 사람 그리고 우리 동포를 위주로.,Female,40-49,Progressive,Some college or more
240,"와서 문제를 일으킬 소지가 없고, 자기 자신을 부양할 준비가 되어 있어서",Male,18-29,Centrist,No college
241,"여성,재정착",Female,30-39,Progressive,Some college or more
242,직업을 얻기위해 한국으로 들어옴,Male,30-39,Centrist,Some college or more
243,같은 동족 이라서,Female,40-49,Progressive,Some college or more
244,의사소통을 할 수 있는 한국어를 하여서 입니다,Female,40-49,Progressive,No college
245,직업군,Male,18-29,Centrist,No college
246,출신국 때문에,Female,60+,Progressive,No college
247,구직이 정해져있기때문에,Male,50-59,Centrist,Some college or more
248,한국어를 말할수 있어서,Female,40-49,Conservative,Some college or more
250,여성,Male,18-29,Progressive,Some college or more
251,상대적으로 나아서,Male,50-59,Conservative,Some college or more
252,유창항 한국어,Male,60+,Conservative,Some college or more
253,더욱 간절해보였다 한국생활에 더 도움이 될거라 생각.,Female,18-29,Progressive,Some college or more
254,한국어 능력과 이미 한국업체와의 계약 완료,Male,18-29,Progressive,Some college or more
255,"구직이 되었거나, 구직계획이 있을 때만 허가",Male,18-29,Centrist,Some college or more
256,이민자로 적합해보임,Male,40-49,Centrist,Some college or more
257,보다 전문적인 지식을 가지고 있음,Male,40-49,Progressive,Some college or more
258,적응이 빠르고 분란의 소지가 적음,Male,60+,Progressive,Some college or more
259,북한 동포 출신의 우선 선택하였음,Male,50-59,Progressive,Some college or more
260,직업,Male,50-59,Progressive,Some college or more
261,망명을 하기 위한 신청이라면 사유를 확인햐여야 하겠지만 일단을 긍정적으로 받아들인후 면밀하게 조사를 해야함,Female,50-59,Centrist,No college
262,같은 민족이기때문에,Male,40-49,Centrist,Some college or more
264,프로필이 마음에 들어서,Female,50-59,Progressive,Some college or more
265,한국어를 할 줄 알아서,Female,40-49,Centrist,No college
266,우리 동포여서 동질감이 있기 때문에,Male,50-59,Centrist,Some college or more
267,각자의 뚜렷한 직업때문,Female,40-49,Centrist,Some college or more
268,불법 체류의 가능성이 상대적으로 적음,Male,40-49,Centrist,Some college or more
269,후보자의 의지,Male,18-29,Centrist,Some college or more
270,국내에서 취업예정임,Female,50-59,Centrist,Some college or more
271,동포,Male,50-59,Progressive,Some college or more
272,그냥,Male,60+,Progressive,Some college or more
273,한국어를 유창하게 구사함,Male,60+,Centrist,Some college or more
274,우리나라동포,Female,18-29,Centrist,Some college or more
275,진정성,Male,60+,Progressive,Some college or more
276,우리나라에 정착하고 적응하고자 하는 의지를 파악해 보았다.,Male,50-59,Centrist,Some college or more
277,한국어가능,Male,40-49,Centrist,Some college or more
278,동포,Female,40-49,Progressive,Some college or more
279,더 호감이 가서,Male,18-29,Centrist,Some college or more
280,망명아님,Male,60+,Conservative,Some college or more
283,장래에 국가나 미래에 도움이 될것같아서이다,Female,50-59,Progressive,Some college or more
284,동일민족,Male,50-59,Progressive,Some college or more
285,Fhhh,Female,30-39,Centrist,Some college or more
287,이민의 자격이 충분하기때문에 안전하다고 판단되어서,Male,30-39,Progressive,Some college or more
289,예맨 사람보다는 나을것 같아서,Female,18-29,Centrist,Some college or more
290,나와 맞는 성격이여서,Female,18-29,Progressive,Some college or more
291,좀 더 믿음이 가서,Female,40-49,Conservative,Some college or more
292,한국어능력,Male,30-39,Centrist,Some college or more
293,한국말이 가능하고 구직활동 등 뚜렷한계획이 있으므로,Female,18-29,Centrist,Some college or more
296,의사라는 직업과 한국어를 할 수 있다는 점 때문에,Male,40-49,Progressive,Some college or more
298,"방금 중국남성과 북한여성 중 고르는 문제는, 중국남성은 별다른 직업도 능력도 없어 한국사회에 도움이 되지 않을 것으로 보았기 때문. 둘 중 그나마 북한여성은 자립의지가 보였음.",Female,18-29,Centrist,Some college or more
299,동포라서,Female,40-49,Centrist,Some college or more
300,구직계획이 있는 동포이므로,Female,40-49,Conservative,Some college or more
301,이왕이면 동포니까.,Male,60+,Conservative,Some college or more
302,직업을 갖기 쉬울것 같아서,Female,30-39,Centrist,Some college or more
303,같은 민족이라서,Male,50-59,Centrist,Some college or more
304,미국이고 여자,Female,60+,Centrist,Some college or more
305,무난,Female,40-49,Conservative,No college
306,비교 대상보다 조건이 조은것 같음,Male,50-59,Progressive,Some college or more
307,한국어를 사용 할 수 있기 때문. 현 행정직을 하면서 외국인들을 많이 마주하는데 한국어를 하지 못하는 직원들은 너무 힘들고 솔직히 해결방법이 적어짐,Female,18-29,Progressive,Some college or more
308,"전반적으로 선홓사지 않고, 공부등을 이한 이민등은 유보적인 입장입니다.",Female,30-39,Conservative,Some college or more
309,한국어가 유창하기 때문에. 서로간 의사소통이 되지 않으면 함께 일을 할 수조차 없어서 한국어 유창자를 필요로 함,Female,40-49,Progressive,Some college or more
310,특별이유없음,Female,40-49,Progressive,Some college or more
311,"성별, 한국어구사 등 고려함",Male,40-49,Progressive,Some college or more
312,정착할 준비가 되었다,Male,40-49,Conservative,No college
313,한국어 가능,Female,40-49,Conservative,Some college or more
315,특별한 이유없음,Male,50-59,Conservative,No college
316,좀더 안정적으로 한국사회에 적응할수있다고 생각함.,Male,60+,Progressive,Some college or more
318,직업이 있음,Male,40-49,Centrist,Some college or more
317,성실 할 것 같아서,Female,50-59,Conservative,Some college or more
319,동포의 경우에 더 선호하게 되는 경향이 있었다.,Female,30-39,Conservative,Some college or more
320,한국어 능력,Female,18-29,Centrist,No college
321,언어습득력과 직업 부분,Female,40-49,Centrist,Some college or more
322,5566,Male,18-29,Centrist,Some college or more
323,직업 및 단기-정착 보고 고름. 안그래도 내국적으로도 취업이 어려운데 외국인까지 오면 더 곤란해서.,Female,18-29,Centrist,Some college or more
324,한국어를 할 줄 알아서,Male,18-29,Centrist,Some college or more
326,선호하기 보다는 둘중에 굳이 선택해야한다면,Female,30-39,Conservative,Some college or more
327,우선 사상적으로 안정 되어있느느것 같아서,Female,40-49,Conservative,No college
329,우리나라에 기여도,Male,60+,Conservative,Some college or more
330,전문직,Male,40-49,Centrist,Some college or more
331,한국어를 할줄알면 적응이쉬우니까,Male,60+,Conservative,No college
332,단기이주계획이기때문에 그기간동안만 잘관리하면 된다,Female,40-49,Conservative,Some college or more
333,우리나라와 잘 맞는 거 같아서,Female,40-49,Conservative,Some college or more
335,성별 및 한국어 사용여부,Male,18-29,Centrist,Some college or more
336,"더 끌리고, 위험요소가 덜 한 사람 같아서",Female,30-39,Progressive,Some college or more
337,더 신뢰가 가서,Female,60+,Conservative,No college
339,확실히 일을 하려고 해서. 구직이 예정이 아니고 아예 합격된 상태이기 때문에.,Female,18-29,Progressive,Some college or more
340,취업을 해서,Male,30-39,Conservative,Some college or more
341,우리나라가 아니면 살기 힘들 것 같아서,Female,18-29,Progressive,No college
345,한국에서 잘 적응할수있어서,Male,50-59,Progressive,Some college or more
348,"노력, 이민 후보자의 태도",Male,30-39,Progressive,Some college or more
350,믿을수있어서,Female,18-29,Progressive,Some college or more
351,출산국,Female,30-39,Centrist,Some college or more
352,서투른 한국말사용,Male,60+,Conservative,Some college or more
353,최악 보다는 차악 이라서 ( 둘다 내키진 않음 ),Female,40-49,Centrist,No college
354,국가에 적극 적응 하려는 노략이 보인다,Female,50-59,Progressive,Some college or more
355,적응 가능성이 상대적으로 높다고 판단됨,Male,40-49,Progressive,Some college or more
356,전문직,Female,50-59,Conservative,Some college or more
358,구체적 목적을 가지고 있어서,Female,30-39,Centrist,Some college or more
360,우리나라에 정착하기 위해서는 언어가 우선이라고 생각되며 직업의 종류 또한 중요하다고 생각한다.,Female,40-49,Progressive,Some college or more
359,"구직, 한국어 유창성, 한국 동화 용이",Female,60+,Progressive,Some college or more
361,믿을수있으서,Female,40-49,Centrist,Some college or more
363,친근해서,Female,30-39,Centrist,Some college or more
364,동포,Female,50-59,Centrist,Some college or more
365,그냥,Male,18-29,Centrist,Some college or more
366,뚜렷하다,Male,18-29,Centrist,Some college or more
367,이미 베트남 사람들은 한국에 많이 와서 일을 하고있다,Male,18-29,Centrist,Some college or more
369,ㅎ하한ㄱ구국ㅁ미ㅁ마말,Female,18-29,Conservative,Some college or more
371,없음,Female,18-29,Centrist,Some college or more
372,여성이고 한국말을 쓸 줄 아는 사람을 고름.,Female,18-29,Progressive,Some college or more
373,맘가는대로 선택함,Female,50-59,Centrist,Some college or more
374,"구직활동을 하려거나 노동을 하려는 자, 그나라의 언어를 공부했다는 것은 살기위해 노력하는 것이기 때문에 선호함.",Female,18-29,Centrist,Some college or more
375,모름,Male,40-49,Progressive,Some college or more
376,망명이란게 쉬운일이 아니라서,Male,40-49,Progressive,Some college or more
377,더 안정적,Female,30-39,Centrist,Some college or more
378,친밀감,Male,60+,Progressive,Some college or more
379,여성이여서,Male,50-59,Progressive,Some college or more
380,의사로서 우리나라의 의료기술에 도움을 줄 수 있을 것 같다고 생각했기 때문입니다.,Female,18-29,Centrist,No college
382,국적,Male,18-29,Conservative,No college
383,미국 일본,Female,18-29,Progressive,No college
236,한국과 더욱 가가운 나라에서 이민온 외국인,Male,40-49,Progressive,Some college or more
384,믿음이 가는 쪽을 선택,Male,18-29,Progressive,Some college or more
385,신뢰감이 크다,Male,30-39,Centrist,Some college or more
386,구직활동에 대한 계획 또는 명확한 취업사실 확인,Male,18-29,Progressive,Some college or more
381,지금도 의사는 많음,Male,60+,Conservative,No college
387,합리적인 것 같아서,Male,50-59,Centrist,Some college or more
389,북한 탈북자는 우리나라국민이다.,Male,18-29,Conservative,Some college or more
391,두나라밖에없어,Male,40-49,Centrist,Some college or more
392,농촌의 일손부족,Male,50-59,Progressive,Some college or more
393,구직활동기준,Male,18-29,Centrist,Some college or more
395,프로필을 보고 마음이가는데로 선택,Female,50-59,Centrist,No college
396,같은 한민족이기 때문에 북한사람을 선택함,Male,40-49,Progressive,Some college or more
399,언어,Male,30-39,Centrist,Some college or more
397,예멘,Male,18-29,Centrist,Some college or more
400,망명이기 때문에. 일시적인게 아니어서.,Female,40-49,Centrist,Some college or more
401,확실한 동기를 가지고 입국,Male,18-29,Centrist,Some college or more
402,"단기체류, 국적",Female,50-59,Progressive,Some college or more
403,국익에 도움,Male,50-59,Progressive,Some college or more
404,국가,Male,40-49,Conservative,Some college or more
405,직업이 의사이고 구직활동을 할 예정이라는 점 때문에,Female,18-29,Centrist,Some college or more
406,딱히 없음,Male,50-59,Progressive,No college
407,생산적인 직업을 가지고 있어서,Male,18-29,Centrist,No college
410,재정착하기 위해 노력하고 있는 점과 단기가 아닌 장기간이라는 점,Male,40-49,Progressive,Some college or more
411,여성으로서 나라에 이바지할 것같음,Female,60+,Conservative,Some college or more
412,단기근무가 아닌 망명이므로,Male,50-59,Progressive,Some college or more
414,유창한 한국어를 사용하고 동포이기 때문에,Female,30-39,Centrist,Some college or more
415,질문을 이해하기 어렵습니다.,Male,18-29,Conservative,Some college or more
416,개인적으로 베트남인을 선호.,Male,60+,Centrist,Some college or more
417,별다른 이유 없다,Female,30-39,Centrist,Some college or more
418,rmsid,Male,18-29,Centrist,Some college or more
419,취업,Male,50-59,Centrist,Some college or more
420,한국말 능통자,Male,18-29,Centrist,Some college or more
421,안정되게 정착할 가능성이 높다,Male,50-59,Centrist,Some college or more
422,"제일 우선 순위는 여성인가, 다음으로는 한국어를 조금이라도 할 수 있는가",Female,18-29,Progressive,Some college or more
423,그나마 불법체류자가 될 가능성이 낮아 보여서,Male,30-39,Progressive,Some college or more
424,신원의 확실함,Male,18-29,Centrist,Some college or more
425,출신국과 체류목적이 공부나 취업인 경우를 선호,Female,18-29,Centrist,Some college or more
426,"언어, 직업, 정착의욕",Male,60+,Centrist,Some college or more
427,고용확정,Male,50-59,Centrist,Some college or more
429,한국어를 할수있어서,Female,40-49,Progressive,No college
431,국적,Female,50-59,Progressive,Some college or more
432,어디서든 살기위한 노력은 이해해줘야할거같음,Female,50-59,Centrist,No college
433,장기적으로 한국인이 되지 않을 경우에 이민을 확정해주고 싶은 생각은 없지만 재정착을 목적으로 온 경우가 한국에 더 오래 있을 것 같다,Female,18-29,Centrist,Some college or more
434,모르겠음,Male,18-29,Centrist,Some college or more
435,망명자로 영구 정착에 안정적,Female,50-59,Centrist,Some college or more
436,좀더 나라에 필요하고 성실하게 일하고 살아갈수있는 사람들을 뽑았다.,Male,18-29,Centrist,No college
437,그냥 그런 마음이 들었다.,Female,30-39,Centrist,Some college or more
438,틉별한 이유없음,Female,50-59,Conservative,Some college or more
439,같은 민족에게 기회를 주고 싶다,Male,50-59,Progressive,Some college or more
440,다른 후보보다 구직이나 정착의 절박함이 더 큰 것 같아서.,Male,30-39,Progressive,Some college or more
441,한국어를 하면서 여성이기 때문이다,Male,40-49,Centrist,Some college or more
442,사회에 도움이 될것 같음,Male,30-39,Centrist,Some college or more
443,괜찮아보여서,Female,50-59,Centrist,Some college or more
444,한국어를 사용할 수 있어서,Female,18-29,Centrist,Some college or more
445,계약완료,Male,40-49,Conservative,Some college or more
446,확실한 이유가 있어서,Female,40-49,Centrist,Some college or more
447,단기근무 보다는 망명을 원하는 사람에게 기회를 주는게 맞지 않나 싶다.,Male,30-39,Progressive,No college
448,내국인에 대한 위해감이 없고 사회적 분위기를 흐리지 않을거 같아 선택함,Female,40-49,Centrist,Some college or more
449,한국 이민에 대한 의지가 있는 사람 같아서,Female,30-39,Progressive,Some college or more
451,두 사람다 적당해 보인다.,Male,30-39,Progressive,Some college or more
452,"지리적으로 먼국가에서 왔기때문,",Male,50-59,Conservative,Some college or more
453,국내인력보호,Male,40-49,Centrist,Some college or more
454,이민의 목적이 확실해야함,Male,18-29,Progressive,Some college or more
455,"출신국, 이민 사유가 마음에 든다",Female,30-39,Progressive,Some college or more
456,교육,Female,40-49,Conservative,No college
457,이ㅡㄴ전,Female,40-49,Conservative,Some college or more
458,직장이 보장된것같아서,Female,30-39,Progressive,Some college or more
459,안정적인 직업과 재국 이유가 확실한것 같아서,Male,40-49,Centrist,Some college or more
460,국익과 안전,Female,40-49,Progressive,Some college or more
462,대한민국에대한 관심,Male,40-49,Progressive,Some college or more
463,한국에서 살기를 원하는 사람을 우선으로 지원해 줘야 한다,Female,40-49,Conservative,Some college or more
464,취업확실예정자라서,Female,60+,Conservative,Some college or more
465,한국어 실력 및 기술,Male,50-59,Conservative,Some college or more
466,한국어실력 및 재정착,Male,40-49,Centrist,Some college or more
467,확실한 직업의식,Male,40-49,Progressive,No college
469,별다른 이유는 없음,Male,40-49,Conservative,Some college or more
470,한국어 능숙과 직업,Male,40-49,Progressive,Some college or more
471,djqtdma,Male,60+,Centrist,No college
468,느낌적으로,Female,50-59,Centrist,Some college or more
115,신뢰,Female,60+,Conservative,Some college or more
472,"언어의 문제, 이민의 동기(망명, 학업, 취업 등) 인종 및 동포 여부",Male,30-39,Conservative,Some college or more
473,없음,Female,30-39,Centrist,Some college or more
475,유창한 한국어,Male,50-59,Centrist,Some college or more
476,민족적 폐쇄성이 높은 우리나라에서 북한사람은 그나마 우리문화에 적응하기가 쉽다,Male,18-29,Centrist,No college
477,여성,Female,18-29,Centrist,Some college or more
479,그냥,Female,40-49,Conservative,Some college or more
480,한국어구사능력 및 취업기준,Female,30-39,Progressive,Some college or more
481,동포인경우와 우리나라 언어의 유창성,Male,40-49,Centrist,Some college or more
482,신뢰가 간다,Female,40-49,Centrist,Some college or more
483,타국인중 우리나라를 더 좋아하는 나라의 이민 후보자를 선택하였음,Female,40-49,Centrist,Some college or more
484,"사회 내에서의 정착에 대한 의지가 취업 여부, 언어 시도 여부에서 엿보았다.",Female,30-39,Conservative,Some college or more
485,전문직,Male,50-59,Centrist,Some college or more
486,출신국가와 언어사용 능력때문에,Female,18-29,Centrist,Some college or more
487,한국말 사용 여부,Male,40-49,Progressive,Some college or more
488,싫음,Female,50-59,Centrist,No college
489,한국내 중국인 진찰에 유용할거 같고 전문직이라,Female,40-49,Centrist,Some college or more
490,이슬람교도는 위험해서,Male,60+,Centrist,No college
491,구직계획이 있어서,Female,40-49,Centrist,Some college or more
492,연구원,Female,60+,Progressive,No college
493,우리나라에서의 적응 가능성 및 기여도를 고려,Female,30-39,Progressive,Some college or more
494,위험의 척도,Male,40-49,Conservative,Some college or more
495,노력하는 모습이 보여서,Male,50-59,Progressive,Some college or more
496,의사소통이 무엇보다 중요하다고 생각해서,Female,40-49,Progressive,No college
497,재정착이며 서투르더라도 한국어를 사용할 줄 알기 때문,Female,18-29,Conservative,Some college or more
500,아는 지인중에 탈북자가잇기 때문에 북한 사람에 대한 인식이 좋다,Male,18-29,Conservative,No college
501,한국사회에 적응을 잘할것 같아서,Female,30-39,Centrist,Some college or more
503,한국문화에 쉽게 적응할 수 있을 것 같아서,Male,40-49,Progressive,Some college or more
504,예멘 보다는 일본인이 조금은 더 믿을만함,Male,30-39,Progressive,Some college or more
505,망명을 원하고 있어서 실제로 살아갈 터전을 원하고있고 직업도 확실하고 같은 동포이기 때문이다,Female,30-39,Progressive,Some college or more
506,믿응이 간다,Male,60+,Centrist,Some college or more
507,없음,Female,50-59,Centrist,No college
508,유창하지는 않지만 한국어를 배운 상태라 의사소통이 가능 할 것 같아서,Female,30-39,Centrist,Some college or more
510,구직 계획 있음,Female,50-59,Centrist,Some college or more
512,도움이 더 되는 쪽으로 생각했다,Male,40-49,Centrist,Some college or more
513,언어가 통해야지,Female,50-59,Centrist,No college
514,의사라는 직업은 중요한 직업이라 생각해서 선택하였습니다,Female,40-49,Conservative,No college
516,"예멘은 선호하지 않고, 북한동포는 선호하며, 한국에 이민왔을때 정서적, 종교적 영향을 미치지 않을것 같은 사람을 선호합니다. 공부를 많이하고 한국어를 해도 범법자나, 자신의 나라의 종교, 예의범절, 슴관, 음식등을 고집할수있는 사람이라면 이민허가를 고려해봐야한다고 생각합니다. 한국이 살기좋은 나라, 아이낳고 싶은 나라가 되기를 바랍니다. 모두 한국을 떠나 이민을 가고 싶어하니까요. 오히려 다른 나라 사람으로 한국을 채울경우 그래도 한국인의 정서가 유지될수있는 사람이면 어떨까합니다.",Female,50-59,Centrist,Some college or more
515,망명사유에 따라 다르겠지만 정치적이나 사회적 핍박을 벗어나기 위한 망명에 대해서는 물의를 일으키지 않는 선에서 받아주는것이 옳다고 생각한다,Female,30-39,Progressive,No college
517,"한국어 능력, 취업여부 등",Female,18-29,Progressive,No college
519,동포인지 먼저 확인하고 선택했다,Male,40-49,Progressive,Some college or more
520,신분보장,Male,60+,Progressive,Some college or more
521,취업계획 완료,Female,50-59,Centrist,No college
522,생계를 위한 이민이라,Male,18-29,Centrist,Some college or more
523,여성 농업인,Male,40-49,Progressive,Some college or more
524,동포라는 이유가 제일 큰거같다,Female,40-49,Centrist,No college
525,"고용주와 계약 완료를 하였고, 우리나라 언어를 구사한다는 점",Female,18-29,Centrist,Some college or more
527,목적이 보임,Female,30-39,Progressive,Some college or more
529,한국어 사용 유무와 직업,Female,40-49,Progressive,Some college or more
530,미국,Male,18-29,Centrist,Some college or more
531,망명은 생명과 직결 될것 같으므로 취업보다는 우선하여야 할것 같아 선택,Male,60+,Conservative,Some college or more
532,"여행을다녀와서,이해함.",Male,60+,Centrist,No college
533,어느정도 한국어 소통이 가능하고 유망해 보인다.,Male,50-59,Centrist,No college
534,우리나라에 해가 덜될것같은사람을 선택,Female,30-39,Centrist,Some college or more
535,될것같아서,Female,40-49,Centrist,Some college or more
536,안전할것 같다,Female,50-59,Centrist,Some college or more
537,내 주관적 느낌으로,Male,60+,Centrist,Some college or more
538,없음,Male,60+,Progressive,No college
539,우리나라에서 적응이 빠르것 같아서,Female,50-59,Centrist,Some college or more
540,목적이 분명하고 문제가 일어나지 않을거 같아서,Female,40-49,Centrist,No college
541,한국말이 가능하고 고용계약이 되있음,Female,40-49,Centrist,No college
542,직업상 좋다,Male,50-59,Centrist,Some college or more
543,계약 완료,Male,30-39,Centrist,Some college or more
544,확실한 구직활동을 목적으로 하므로,Male,40-49,Progressive,Some college or more
478,구직계획있으므로,Female,40-49,Centrist,Some college or more
545,사회적 약자,Female,30-39,Progressive,Some college or more
546,앙숙이지만 저들을 안받아주기에는 너무 너그럽지 못하단 생각이 듭니다.,Male,18-29,Centrist,Some college or more
547,일본인이니까,Male,60+,Conservative,Some college or more
548,딱히 선호하는 것은 아니고 두분다 이민을 받아들여야 한다고 생각함,Female,60+,Progressive,Some college or more
549,"직업이 연구과학자이고, 취업까지 완료된 상태였다. 언어적인 부분이 걸리지만 장기적으로 봤을때 한국에 도움이 될수 있는 사람이라고 생각을 했기 때문",Male,18-29,Progressive,Some college or more
550,좋음,Female,30-39,Centrist,Some college or more
551,한국어가 유창하다 의사로서 활동하려면 한국어가 가능한 사람이 진료에 훨씬 효과적이다,Male,50-59,Conservative,Some college or more
553,이미 한국에서 일에 관한 계약을 맺어서,Female,30-39,Centrist,Some college or more
554,테러위험이 없어보인다,Male,30-39,Conservative,No college
555,더 조건이 안좋은 상황,Female,40-49,Centrist,Some college or more
556,한국어 능력 이 있어서,Female,40-49,Conservative,No college
557,고도 기술력을 가져서,Male,18-29,Progressive,Some college or more
558,먼저 이민와서 정착하려는 목적이 국내에 부합해야하며 한국어를 익히려는 노력이 엿보여야하고 거주시 본국과 별개로 다른 문화에 융화하려는 노력이 있어야함,Female,40-49,Progressive,Some college or more
559,민족,Female,50-59,Centrist,Some college or more
560,미국보다는 중국이 더 나음,Female,50-59,Progressive,Some college or more
561,안전성,Male,40-49,Progressive,Some college or more
562,신뢰도,Male,30-39,Centrist,Some college or more
563,도움이 되는 사람들,Male,18-29,Centrist,Some college or more
564,같은 민족이기에,Female,40-49,Progressive,No college
565,같은 민족이니,Female,30-39,Conservative,Some college or more
566,한국어가 유창함,Male,50-59,Progressive,No college
567,유창한 한국어 실력,Male,50-59,Conservative,Some college or more
568,우리나라에서 문제를 일으킬것 같지가 않다,Male,40-49,Centrist,No college
569,"우선 한국어 가능 여부를 우선시했고, 그 다음은 기술 그다음 동포여부를 가림",Male,30-39,Progressive,Some college or more
570,여성이라서,Female,50-59,Conservative,Some college or more
572,일본은 우리의 주적이니까요,Male,50-59,Centrist,No college
573,믿음이 가서,Female,18-29,Progressive,Some college or more
576,우선은 동포나 이민자 위주로 선택권을 주는게 국내 노동자들도 보호하고 서로 상생할 수 있는 기회라고 생각함.,Female,40-49,Progressive,Some college or more
579,최근 한국으로 인입 되는 외국인의 사회적 문제가 많이 발생되어 그것을 초점으로 선택함,Female,30-39,Progressive,Some college or more
580,의사 동포 재정착,Female,60+,Progressive,Some college or more
581,"확실한 고용승계, 국적고려",Male,18-29,Conservative,Some college or more
582,소통의 가능성,Male,40-49,Centrist,Some college or more
583,"취업, 한국어 노력",Female,30-39,Centrist,No college
584,북한사람보다 훨씬 믿음직 스러워서,Female,50-59,Centrist,Some college or more
586,"이민자체를 허가하지 않는쪽 입장이긴 한데, 둘중에 굳이 한쪽을 고르자면 여성쪽을 선택했습니다. 제가 여자라서.",Female,30-39,Progressive,Some college or more
587,취업처가 예정되어있음,Female,18-29,Centrist,Some college or more
588,조금더 우리나라에 도움이 되는 사람을 뽑고자함,Female,30-39,Progressive,Some college or more
589,조금 더 끌려서,Female,18-29,Centrist,Some college or more
590,북한 출신,Female,50-59,Progressive,Some college or more
591,망명이니까,Male,18-29,Centrist,Some college or more
592,한국에서 제대로 일을 하고 사회 일원으로서 살아갈 의지가 있어서,Female,18-29,Conservative,Some college or more
593,NA,Male,18-29,Centrist,No college
594,망명은 생명의 위험때문으로,Male,60+,Centrist,Some college or more
595,그냥,Male,18-29,Centrist,No college
596,취업목적에 한국어를 할줄 알아서,Female,40-49,Conservative,Some college or more
597,잘 모르겠음,Male,40-49,Centrist,Some college or more
600,우리나라에 도움이 될것 같아서,Female,50-59,Conservative,Some college or more
602,국내에 도움이 되는지 1순위 고려,Male,50-59,Centrist,Some college or more
604,출신국가도 괜찮고 과학에 도움이 될 것 같아서,Male,18-29,Conservative,Some college or more
605,고용주와의 계약 완료,Male,60+,Centrist,Some college or more
607,"프로그래머의 경우, 한국어를 유창하게 할 필요가 없을 수 있어서",Female,18-29,Centrist,Some college or more
608,구직활동을 당장 할수있기에,Female,50-59,Progressive,Some college or more
609,의사소통의 가능,Female,18-29,Centrist,Some college or more
610,교사,Male,60+,Progressive,No college
611,"어차피 동포이고, 적응하려면 시간이 걸리겠으나, 적응할 수 있으리라 생각한다.",Female,40-49,Progressive,Some college or more
612,구직 경제활동여부,Male,18-29,Centrist,Some college or more
613,안전을 보장할 수 있어서,Female,50-59,Centrist,Some college or more
614,한국어 활용 가능 여부,Female,18-29,Progressive,Some college or more
615,동포,Male,18-29,Centrist,Some college or more
617,서툴더라도 한국어를 할 줄 안다는 것.,Male,18-29,Centrist,No college
618,한국 사회에 기여 가능 여부,Male,50-59,Centrist,Some college or more
619,적응의지여부,Male,40-49,Progressive,Some college or more
621,그냥,Female,18-29,Centrist,No college
622,우리 동포라서,Female,50-59,Conservative,Some college or more
623,유창한 언어 능력,Male,50-59,Conservative,Some college or more
624,한국어 구사,Female,40-49,Centrist,Some college or more
625,안정감있어서 선택하게 되었습니다.,Female,30-39,Conservative,Some college or more
626,모두 선호하지는 않지만 일본은 이미지가 싫어서 굳이 섡택해야 한다면 일본인이 아닌사람,Female,50-59,Centrist,Some college or more
627,직업이 의사라서.,Female,30-39,Centrist,Some college or more
628,정착에 별 어려움이 없을 것 같아서,Female,50-59,Centrist,Some college or more
629,이유,Female,18-29,Centrist,No college
630,한국 말을 할수 있으며 의사 직업을 가지고 있음. 또한 취업 면접까지 된 상태로 이민의 자격이 충분하다고 봄. 다만 망명의 사유는 확인이 되어야 함.,Male,40-49,Conservative,Some college or more
631,어느정도 익숙한 사람이 맞는 것 같다,Female,50-59,Progressive,Some college or more
632,NA,Female,30-39,Centrist,Some college or more
633,북한동포,Female,50-59,Progressive,Some college or more
634,오른쪽 후보자보다는 조금은 한국에 이민하려는 성의가 보여서,Female,30-39,Centrist,No college
635,취업은 국내 정착을 용이하게 한다.,Male,30-39,Progressive,Some college or more
637,북한 출신 동포,Male,50-59,Centrist,Some college or more
638,이유는 없습,Male,18-29,Centrist,No college
639,경력이 좋은 사람을 이민 후보자로 선정하기 좋기 때문,Male,18-29,Centrist,No college
643,선호는 아니지만 고급인력이면 필요할수도,Male,18-29,Centrist,Some college or more
644,우리나라에필요함,Male,30-39,Progressive,Some college or more
645,필요한 업종,Male,18-29,Conservative,Some college or more
646,잘 적응 할수 있을 것 같아서,Male,40-49,Centrist,Some college or more
648,이슬람이 아닌 사람을 더 원해서요,Female,50-59,Conservative,No college
44,직업이 마음에 들어서입니다.,Male,18-29,Conservative,No college
649,"직업, 한국어가능여부",Female,18-29,Progressive,Some college or more
650,선진국에서 온 이민자가 더 좋을것 같아서,Female,50-59,Centrist,No college
651,한국에 이민이 아니고 공부를 하러 오기때문,Male,60+,Progressive,Some college or more
652,민족성 및 나라의 선호도,Female,30-39,Centrist,No college
654,자국민에게도 도움이 되며 국가에도 도움이 된다고 생각합니다,Female,50-59,Centrist,No college
656,모르겠네,Female,40-49,Centrist,Some college or more
657,그냥마음에들어서,Male,60+,Conservative,No college
658,일본 미국 싫다,Male,60+,Centrist,No college
659,한국어가 유창하다는 것은 한국에 관심도를 보여줌,Female,18-29,Progressive,Some college or more
660,적응력이 높음,Male,50-59,Progressive,Some college or more
663,마음에들어서,Male,18-29,Centrist,Some college or more
664,모르겠다. 그냥 돕고 싶었다.,Male,18-29,Centrist,Some college or more
665,동포,Female,60+,Progressive,No college
666,직업이 의사이고 한국말을 할 수 있다는 점,Female,50-59,Conservative,Some college or more
667,문화의 유사성,Female,50-59,Centrist,Some college or more
669,안정적인 직업,Male,50-59,Progressive,Some college or more
670,언어가 가능하고 한국에 정착 가능한 기술직,Male,40-49,Progressive,Some college or more
671,저희 한국오는게 목적의식이 뚜렷해보이고 취업을위해 한국에오니까 기회를 주고싶어서 선택을 하였습니다 !,Female,18-29,Progressive,Some college or more
672,확실한 신원,Male,18-29,Centrist,Some college or more
674,호감도,Male,60+,Centrist,Some college or more
675,장기간 한국 사회에 거주하면서 사회에 동화되어 살아갈 대상,Male,40-49,Progressive,Some college or more
676,동포,Female,50-59,Progressive,Some college or more
678,무슨 이유에서 그런건지는 확실히는 모르지만 일단 망명이라고 하면 거부감이 들기 때문에 그 부분이 1순위고 어차피 올거라면 한국어를 유창하게 하는 사람이 왔으면 하는 바램.,Female,18-29,Centrist,Some college or more
679,둘다잘모르겠다,Female,30-39,Centrist,Some college or more
680,정치적 성향이 괜찮아요,Male,18-29,Centrist,Some college or more
681,언어가 가능해서 적응 하는데 좀 더 쉬울 것 같아서,Female,50-59,Centrist,Some college or more
682,"한국어 구사능력, 구하고자 하는 직업",Male,18-29,Conservative,Some college or more
683,우선 의사소통에 문제 없고 유창한 한국어를 사용한 다는 것은 이미 대한민국의 문화를 이해한다고 판단 함,Male,50-59,Centrist,Some college or more
684,목적의식이 없이 이민을 와서 실패할 경우 기존한국사회에 피해를 입힐 것 같아서 그나마 그렇지 않은 기준에서 선택,Female,40-49,Progressive,Some college or more
685,의사이고 그래도 좀 많이 배웠으니까,Male,18-29,Conservative,Some college or more
688,한국사회에 섞여 그나마 문제를 덜 일으킬것같은 타입,Male,18-29,Conservative,Some college or more
689,기피하는 업종에 인력이 증가하면 좋을듯 싶어서,Female,50-59,Centrist,No college
690,구직 활동을 확인하였음,Female,30-39,Centrist,Some college or more
691,한국 경제에 도움이 될 것 같아서,Female,40-49,Progressive,Some college or more
692,한국어를 조금이라도 할 수 있느사람이 적응하기 쉬울 것 같아서,Female,18-29,Centrist,Some college or more
693,동포적인면과 전문성있는기술,Female,30-39,Conservative,Some college or more
694,한국어가 가능하므로,Male,40-49,Conservative,Some college or more
695,동포,Male,18-29,Progressive,Some college or more
294,한국말을 하려고 노력했기 때문,Male,18-29,Centrist,No college
696,후보2보다 더 안전할 거 같아서,Male,30-39,Centrist,Some college or more
698,이민자 정책을 좀더 알것같아서,Female,30-39,Centrist,Some college or more
699,중국 보다 나아서,Female,30-39,Centrist,No college
700,"국내에 들어와서 생산적인 일을 하는사람, 어딘가에 속한 사람을 신뢰할 수 있을것같음",Female,18-29,Progressive,Some college or more
702,구직활동이 확정되어 있기 때문이다,Female,18-29,Centrist,No college
703,동포,Female,60+,Centrist,No college
704,전문적인 직업이 존재해서,Female,18-29,Centrist,Some college or more
19,국적이 좀 꺼려진다,Male,18-29,Centrist,Some college or more
706,재정착 한국 고용주와 계약완료,Female,60+,Conservative,Some college or more
709,일본에서의 망명은 거부시 어려움이 클 것으로 생각됨,Male,50-59,Progressive,Some college or more
710,가치 있는 이민자가 오기를 바랍니다.,Male,60+,Progressive,Some college or more
711,망명자라서?,Male,18-29,Centrist,No college
712,"출신국, 한국어 능력, 고용여부",Male,30-39,Centrist,Some college or more
714,더 많은 도움이 될것 같아서,Female,50-59,Centrist,Some college or more
715,이주사유,Female,18-29,Centrist,Some college or more
716,한국사회에 필요할 것 같아서,Male,50-59,Progressive,Some college or more
717,더 간절해보였음.,Female,18-29,Progressive,Some college or more
718,우리나라에 유익이될것 같아서,Female,60+,Centrist,Some college or more
719,북한 동포를 먼저 수용해야 한다,Male,60+,Conservative,Some college or more
720,직업이 더 유망하기 때문에,Female,18-29,Centrist,Some college or more
724,성실성이 있어서,Male,30-39,Centrist,Some college or more
726,언어가 통하고 이민 목적이 확실한것 같아서,Male,40-49,Centrist,No college
732,ㅎㅏㄴㄱㅜㄱㅇㅓㄹㅡㄹ ㅎㅏㄱㅗ ㄱㅗㅇㅛㅇㄱㅖㅇㅑㄱㅇㅣ ㄷㅗㅣㅇㅓㅆㅇㅡㅁㅡㄹㅗ,Male,50-59,Centrist,Some college or more
733,좋음,Female,30-39,Centrist,Some college or more
735,2세 생산가능,Male,60+,Conservative,Some college or more
737,구직활동계획,Male,40-49,Centrist,Some college or more
738,중국이 시러서,Female,60+,Centrist,Some college or more
742,한국 적응이 쉬울것 같아서,Female,30-39,Conservative,No college
743,구체적인 사유 없음,Male,50-59,Conservative,Some college or more
745,더 호감이 가서,Male,18-29,Progressive,Some college or more
746,동포,Female,50-59,Conservative,No college
748,친숙함,Male,40-49,Progressive,Some college or more
749,둘중 한명을 꼭 골라야 된다길래 그나마 조금이라도 괜찮을거같아서,Female,18-29,Centrist,No college
750,직업의 순위?,Female,30-39,Progressive,Some college or more
753,그냥,Male,40-49,Conservative,Some college or more
754,언어를 조금이라도 사용하는 사람에게 우선을 주는 것이 낫다고 생각함,Female,30-39,Centrist,Some college or more
755,잘 모르겠음,Male,60+,Centrist,No college
756,정착 적응,Male,50-59,Progressive,Some college or more
757,구직을 통한 재정착,Male,50-59,Conservative,Some college or more
758,잘 모르겠음,Female,50-59,Conservative,No college
759,인력난이 심한 '농부' 선호,Male,50-59,Conservative,No college
760,취업계획이 있으므로,Male,40-49,Progressive,Some college or more
761,다해주기 싫지만 둘중에 선택하라면 그렇다는 말이다 예맨은 받기 싫다,Female,40-49,Centrist,Some college or more
762,구직계획이 있고 한국어 능력이 우수함,Male,30-39,Progressive,Some college or more
763,동포인 부분,Male,18-29,Progressive,No college
764,"내 일자리를 위협하지 않고, 한국에서 사람들이 기피하는 일을 해 줄 것 같아서 입니다.",Female,30-39,Progressive,Some college or more
765,좋다,Female,30-39,Centrist,Some college or more
766,"한국민과 갗이 더불어 조화롭게 살수 있는지, 정착해서 생활이 가능한지 등을 봄",Male,60+,Centrist,Some college or more
769,한국실정에 맞음,Male,60+,Conservative,Some college or more
772,직업이 전문직이고 고용상태가 정해져 있어 해를 끼치지는 않을꺼라 생각함 그러나 출신이 신경쓰여 고민을 많이 했다,Female,30-39,Progressive,Some college or more
775,"중국,예멘 싫어서",Female,40-49,Conservative,Some college or more
776,한국사회에 도움이 될 것 같아 선택,Male,30-39,Centrist,Some college or more
779,선진국에서 왔으므로,Male,30-39,Centrist,Some college or more
781,일본인은 기회가 많을것 같음,Male,40-49,Conservative,Some college or more
784,"비슷한 조건이였지만 본인이 한국어를 직접사용하여 면접을 봤는지 안봤는지에 대한 기준으로 선택하였음. 중국사람의 경우 이민을 원하지만 한국어가 되지 않아 통역을 사를 이용하였으나, 북한사람의 경우 기본적인 의사소통은 충분히 가능하므로 북한사람을 선호",Male,18-29,Centrist,No college
786,국적,Female,60+,Centrist,No college
787,공부가 목적이라,Male,18-29,Progressive,Some college or more
788,적응을 더 잘 할 것 같아서,Female,30-39,Progressive,Some college or more
790,망명자,Male,60+,Centrist,Some college or more
796,한국으로 이민을 한다는 것은 곧 한국에서 산다는 의미로 해석이 될수도 있는데 그 나라에서 살기를 희망하면서 그 나라의 언어로 간단한 회화정도는 가능해야 한다고 생각하였음.,Female,18-29,Centrist,No college
798,선택은 자유,Male,40-49,Conservative,No college
799,직업이 우리 나라에 도움될 것 같아서,Male,40-49,Progressive,Some college or more
800,일본 보다는 그래도 미국인이 조금은 선호함 그리고 의사가 교사 보다는 가르치는 직업이 아니니까,Female,60+,Progressive,No college
806,한국어 수준을 기준으로 생각해보았습니다. 그리고 구직활동을 얼마나 했나 참고하였습니 .,Male,30-39,Conservative,Some college or more
807,없음,Male,40-49,Centrist,No college
818,확실한 취업처,Male,60+,Centrist,No college
821,장기적 진실성,Male,60+,Progressive,Some college or more
824,출신국,Female,60+,Conservative,Some college or more
825,의지,Male,30-39,Centrist,No college
826,언어소통,Male,60+,Progressive,Some college or more
827,없음,Male,30-39,Centrist,No college
828,선진국가 국민이라서,Male,18-29,Centrist,Some college or more
829,한국어 구사 능력.취업 가능성 유무,Male,40-49,Centrist,Some college or more
835,동포,Female,30-39,Centrist,No college
837,특별하고 한국에 도움이 된다,Male,30-39,Centrist,Some college or more
838,각 나라별 사람들이 모여 살면 여러가지의 지식이나 문화 기타등등 좋을것 같습ㄴ다,Male,40-49,Centrist,No college
840,북한으로 부터 망명을 하는 경우엔 불허 될시 북한에서 처벌을 받게 될테니 인도적으로 허락을 해줘야 한다.,Male,50-59,Conservative,Some college or more
841,망명과 공부 중에서 공부는 다시 돌아갈 것이기에,Male,50-59,Centrist,Some college or more
842,같은동포라서,Male,50-59,Progressive,Some college or more
843,능력과 인권,Male,50-59,Progressive,Some college or more
844,도착후에 안정적인 생활 확보,Male,40-49,Centrist,Some college or more
846,좋아서,Female,40-49,Centrist,Some college or more
849,한국에서적응잘할것갓아선택했어요,Male,40-49,Conservative,No college
851,취업계획을 중요시함. 대충와서 알아보겠다던지 무계획일경우 범죄에 악용되며 나중에 실제 범죄자가 될 가능성 있음.,Male,50-59,Conservative,Some college or more
852,농사를지어면서생활하면되니까,Male,50-59,Conservative,Some college or more
853,이민목적이 우리 사회에 유익 (단기근로와같이),Male,30-39,Progressive,Some college or more
856,느낌,Male,30-39,Progressive,No college
861,한국에서 경제활동을 할 의자가 있는 프로필 선호,Male,30-39,Centrist,Some college or more
866,한민족,Male,30-39,Progressive,Some college or more
868,선호보다는 거부감이 적은 직업과 성별,Male,60+,Progressive,Some college or more
870,"여성후보자 우선인 이유 : 정착이 목적인 경우가 많음 연구개발자는 기술 이전에 도움을 주며, 프로그래머는 검증이 될수 있는 툴이 미제공되어 검증이 반드시 필요합니다. 그래서 선택을 하였습니다.",Male,40-49,Centrist,Some college or more
871,이민 노,Male,50-59,Conservative,Some college or more
874,내용이 한국에 정착하려는 것 같아서 선택했습니다.,Male,30-39,Progressive,Some college or more
877,처음 신청,Male,50-59,Conservative,Some college or more
878,한국어 가능 목적이 확실함,Male,30-39,Progressive,Some college or more
881,선호하지 않는다,Female,18-29,Centrist,Some college or more
882,한국의 인력이 모자라므로(약간의 3D 업종?),Male,60+,Conservative,Some college or more
885,한국어 가능,Female,30-39,Centrist,Some college or more
889,일단 대화 소통을 위해 한국어를 배우기 위해 노력을 햇는가 여부가 이민에 대한 의지를 보여줄 수 있기에,Male,50-59,Centrist,Some college or more
890,법을 잘 준수할것 같음,Female,60+,Progressive,No college
891,고용계약이 확실히 체결된 자,Female,30-39,Centrist,Some college or more
892,구직활동 부분에 선호하게 됨,Female,30-39,Conservative,Some college or more
896,확실한 직업,Female,30-39,Centrist,Some college or more
897,구직활동을 하니까,Female,30-39,Conservative,Some college or more
898,취업허가,Male,30-39,Progressive,Some college or more
900,동포,Male,50-59,Progressive,Some college or more
901,왠지,Female,40-49,Centrist,No college
902,중국 동포는 신뢰성이 떨어짐.,Male,60+,Progressive,Some college or more
903,구직활동여부 및 조건,Female,30-39,Progressive,Some college or more
907,국내 경제에 도움이 되는냐의 여부,Male,40-49,Conservative,Some college or more
911,직업이잇자나요,Female,30-39,Progressive,Some college or more
918,경쟁자보다 나은것 같아서,Male,60+,Centrist,No college
921,동포라서,Male,60+,Centrist,No college
926,의사소통과 의도,Male,30-39,Centrist,Some college or more
927,국내 정착 사유의 판단,Male,40-49,Progressive,Some college or more
928,한국어 사용,Male,30-39,Progressive,Some college or more
929,허가받고 우리나라에서 할계획이있어서,Male,40-49,Centrist,No college
930,"동포, 공부, 여자",Female,40-49,Centrist,Some college or more
931,국적,Male,30-39,Progressive,Some college or more
933,취업 우선,Male,40-49,Centrist,No college
936,한국 사회에 빨리 적응할 것 같아서,Male,60+,Progressive,Some college or more
938,전문직,Male,60+,Conservative,Some college or more
941,그냥,Female,40-49,Centrist,Some college or more
944,특별한 이유는 없다,Female,30-39,Centrist,Some college or more
945,한국어를 할 수 있으며 구직가능성이 보임,Female,18-29,Centrist,Some college or more
947,한국사회에 어울려 이웃이 디기 쉽고 한국사람에게도 도움이 될수 있는 요건이 많기 때문임.,Male,60+,Conservative,Some college or more
948,범죄와의 연관성이 적어 보여서,Male,30-39,Conservative,Some college or more
951,한국산업에 대한 기여도 고려,Male,40-49,Conservative,Some college or more
953,직업,Male,60+,Centrist,No college
956,망명,Male,60+,Progressive,Some college or more
968,유창한 한국어 전문직,Female,30-39,Conservative,Some college or more
971,보호해주기로,Male,60+,Centrist,No college
973,확실한 근로선택때문에,Male,40-49,Progressive,No college
978,둘다 이민반대,Female,40-49,Progressive,Some college or more
983,일,Female,18-29,Progressive,No college
986,언어소통에 장애가 없고 간호사라는 직업에 점수를 줌,Male,60+,Progressive,Some college or more
990,그냥 느낌이좋아서,Male,30-39,Conservative,Some college or more
991,첫번째로 망명보다는 분명한 목적이 있는 공부나 취업등이 1순위이다. 그이유는 이민자들 중 범죄가 제일 간과해야 될 부분인것 같다,Male,18-29,Centrist,No college
992,한국어 능력과 의지,Male,30-39,Conservative,Some college or more
998,어느 정도 자격을 갖추었다고 할까요?,Male,60+,Conservative,No college
1021,이유없음,Male,60+,Centrist,Some college or more
1022,언어가 되어서,Female,30-39,Conservative,No college
1025,한민족이여서요,Female,40-49,Centrist,Some college or more
1027,명확한 목표가 있는것 같아보였음,Female,40-49,Conservative,Some college or more
1031,정착성,Male,50-59,Centrist,Some college or more
1032,구직활동,Female,18-29,Centrist,Some college or more
1034,우리국민이었으므로,Male,60+,Progressive,Some college or more
1037,정착 후 주변과 좀 더 잘 어울리며 생활할 것 같음,Male,60+,Centrist,Some college or more
1042,취업,Male,60+,Conservative,Some college or more
1047,이민에 대한 거부감이 없슴,Male,50-59,Progressive,Some college or more
1048,미래,Male,60+,Centrist,Some college or more
1054,종교적인 제약이 있을것으로 판단함,Male,60+,Conservative,Some college or more
1055,단기로만 한국을 있을 것이고 안전이 보장된 나라에서 와서.,Female,18-29,Progressive,Some college or more
1063,사상이 사회주의인 공산당은 믿을수도 함께할수도 없음.,Male,60+,Conservative,No college
1064,자유롭게 선택할 수 있는 배움의 기회,Male,60+,Progressive,Some college or more
1067,신속,Male,60+,Progressive,Some college or more
1068,한국어도 유창하며 구직이 완료되어있는상태이고 한국에 들어와서 정착하고 산다면 별 해가되는 일이 없어보이기 때문입니다,Male,18-29,Centrist,No college
1069,일본 출신자는 안됨.,Male,60+,Conservative,Some college or more
1073,동포,Male,60+,Conservative,No college
1076,한국어 사용의 유창성,Female,40-49,Progressive,Some college or more
1078,공부하는 데 많은 도움이 될 것 같다,Female,50-59,Conservative,Some college or more
1081,국내에 적을을 더 잘할 것 같아서,Female,40-49,Conservative,Some college or more
1085,희망직업이 간호사여서,Male,60+,Progressive,Some college or more
1086,언어때문허가,Male,50-59,Centrist,Some college or more
1101,이유없음,Male,18-29,Centrist,Some college or more
1117,농부라서,Female,50-59,Conservative,Some college or more
1121,직업,Male,60+,Progressive,Some college or more
1128,충분한 이민 사유가 될 것 같아서,Male,60+,Centrist,Some college or more
1130,저개발국출신,Male,60+,Centrist,Some college or more
1135,취업이 보장됨,Male,40-49,Centrist,Some college or more
1139,여러 가능성을 두자는,Female,40-49,Conservative,Some college or more
1146,한국어,Male,60+,Progressive,Some college or more
1157,여성,Male,40-49,Centrist,Some college or more
1162,직업적 안정성때문,Female,18-29,Conservative,Some college or more
1170,선호하지는 않는다,Female,40-49,Conservative,No college
1177,"여성선호, 간호사 등 우리나라 부족인력에 대한 구직계획을 가진자",Male,30-39,Progressive,Some college or more
1183,선호 안함,Male,60+,Centrist,Some college or more
1194,한국어 가능 여부와 구직자가 별로 없는 직종 종사자인지를 위주로 보았음,Male,30-39,Progressive,Some college or more
1199,구직활동을 하고자 하는 노력이 있음.,Female,30-39,Centrist,Some college or more
1210,한국에 정작 적응 완료,Male,30-39,Progressive,Some college or more
1212,공부목적이여서,Female,30-39,Progressive,Some college or more
1215,망명을 원하는 자는 필히 허가해줘야 한다,Female,40-49,Centrist,Some college or more
1217,구직계획이 있어서,Female,50-59,Progressive,Some college or more
1062,한국어를 유창하게 함,Female,50-59,Centrist,Some college or more
1222,같은 민족이 좋아요,Male,60+,Centrist,Some college or more
1232,언어 소통이 가능하므로..,Male,60+,Progressive,No college
1233,직무에 적합할 것 같다. 이질감이 없다.,Male,30-39,Progressive,Some college or more
1234,가장 무난해 보였다,Male,40-49,Centrist,Some college or more
1236,의사이므로,Female,60+,Conservative,Some college or more
1249,같은민족,Female,40-49,Centrist,No college
1262,동포,Female,18-29,Progressive,Some college or more
1267,한국어를 잘 함,Female,50-59,Conservative,Some college or more
1272,도움이 되어서,Male,30-39,Centrist,Some college or more
1275,"역사적, 정치적 충돌이 덜함",Male,40-49,Progressive,Some college or more
1279,별문제가 되지않을것같아서,Female,50-59,Conservative,No college
1282,동남아 이민자가 더 호감이 가고 북아메리카 이민자에 대한 거부감,Male,40-49,Centrist,No college
1285,확실한 직업과 한국어를 할려는 노력,Male,40-49,Centrist,Some college or more
1287,우리나라에 기여할 것 같아서,Male,60+,Conservative,Some college or more
1290,한국어를 유창하게 잘하므로,Female,50-59,Conservative,No college
1292,일본인은 좀 난해한거 같아서,Female,60+,Progressive,No college
1296,나라에 따라 달라짐,Male,30-39,Progressive,Some college or more
1303,이민 자격이 더 있는 거 같다,Female,18-29,Progressive,Some college or more
1308,정착가능성여부,Male,60+,Conservative,Some college or more
1309,"국적, 직업이 호감이 가고 언어가 유창하여",Female,40-49,Progressive,Some college or more
1310,인류애,Male,60+,Progressive,Some college or more
1311,동포라서 선호함,Male,50-59,Progressive,Some college or more
1315,입국 이유가 분명한 편이고 한국어를 사용할 줄 알아서,Female,18-29,Centrist,Some college or more
1321,문화정서적으로통하고 국민성이비슷면이있어서 이주후에 적응이 빠를것같다,Female,50-59,Centrist,No college
1322,두 이민자 분 중에 선택하기 어려웠다 한국어를 유창하게 한다는 점에서 중국분에게 점수를 줬지만 베트남 분은 간호사이며 취업의지가 있다는 점에서 선택하기 어려웠다 언어적인 측면 또한 국가 와의 관계를 생각했다,Male,30-39,Centrist,Some college or more
1328,취업문이 좁은 우리나라 일자리 줄어들어 더힘들지 않을까 염려되는 마음,Female,50-59,Centrist,No college
1329,한국말을 할줄 알아서 소통이 잘될거 같음.,Male,40-49,Progressive,Some college or more
1334,딱히 선호하진 않지만 보기중에서 선택한 사항임,Female,40-49,Conservative,Some college or more
1339,계약을 완료했으니까,Female,40-49,Centrist,Some college or more
1348,직업유무,Female,18-29,Centrist,Some college or more
1359,"한국어 잘함, 취업계획이 있음",Male,30-39,Conservative,Some college or more
1371,신뢰,Female,60+,Conservative,No college
1375,한국어구사능력,Male,30-39,Conservative,No college
1383,상황이 이민이 더 필요한 경우,Female,40-49,Centrist,No college
1384,국적,Female,18-29,Centrist,Some college or more
1386,둘다 싫었습니다,Male,30-39,Centrist,No college
1393,동포는 도와야 한다,Female,50-59,Progressive,Some college or more
1402,한국어 사용이 유창하기 때문에,Female,30-39,Centrist,Some college or more
1411,의사,Male,30-39,Centrist,No college
1423,특별한 이유는 없음,Female,40-49,Centrist,Some college or more
1428,같은 동포라서,Male,40-49,Progressive,Some college or more
1431,같은 민족이라서,Female,50-59,Progressive,Some college or more
1432,좋아서,Male,18-29,Centrist,No college
1434,동족,Male,60+,Progressive,No college
1436,좋아서,Male,30-39,Centrist,No college
1444,한국어 가능,Male,60+,Centrist,Some college or more
1456,0,Male,60+,Progressive,Some college or more
1457,안전,Male,30-39,Conservative,Some college or more
1463,신원의 확실성,Male,60+,Conservative,Some college or more
1464,취업 동포,Male,40-49,Progressive,Some college or more
1467,농촌인부 부족,Male,60+,Centrist,Some college or more
1470,기술직은 한국 기술및 경제발전에 도움이 될 가능성이 있음,Male,60+,Centrist,Some college or more
1472,직업이 확실하고 북한인이여서,Male,30-39,Progressive,Some college or more
1498,언어의 유창성,Female,18-29,Centrist,Some college or more
1507,한민족,Male,50-59,Centrist,Some college or more
1509,북한 사람 이어서,Female,40-49,Centrist,Some college or more
1517,적합한 자격,Female,50-59,Centrist,Some college or more
1549,망명이나 공부를 위해 우리나라에 찾아와 구직계획까지 세워있어서,Female,18-29,Centrist,Some college or more
1551,우리 나라를 원하고 있기에 했읍니다,Female,50-59,Centrist,No college
1553,"인권존중,자유롭게살권리존중",Female,30-39,Conservative,Some college or more
1558,더끌린쪽에투표함,Female,60+,Centrist,No college
1567,교사라는 직업이 마음에 든다,Female,40-49,Centrist,Some college or more
1569,없음,Female,40-49,Centrist,Some college or more
1577,별 이유 없음,Female,18-29,Progressive,No college
1578,미국이니까,Male,30-39,Centrist,Some college or more
1586,한국어에 능통하다,Female,40-49,Centrist,Some college or more
1589,마음이 더 끌린다,Female,40-49,Centrist,No college
1592,신청자1보다는 이주의 필요성이 더 높은 것 같아서,Female,30-39,Centrist,Some college or more
1602,교사로써 계약이 되어있으므로 구직이 바로 되어 나라에 도움이 될 것이다.,Male,30-39,Progressive,Some college or more
1610,대한민국에 대한 언어를 습득할려고 하는 노력과 직업을 구했다는,Female,50-59,Conservative,Some college or more
1613,선호하진 않는다 다만 중국인이 호감이 안가서,Male,30-39,Centrist,Some college or more
1624,같은 동포이기때문.,Male,50-59,Progressive,Some college or more
1632,재정착이고 단기근무가 아니기 대문,Female,18-29,Centrist,No college
1637,선호한다기보다 그나마 나은상황,Female,60+,Centrist,Some college or more
1638,학업의 중요성,Male,30-39,Progressive,Some college or more
1057,좀 더 편한 상대,Female,40-49,Centrist,No college
1653,인도적인 차원에서,Female,50-59,Centrist,No college
1660,그냥,Female,18-29,Centrist,No college
1662,아무래도 동포가 가까워서,Female,50-59,Progressive,Some college or more
1669,확실한 직업을 소지한자,Female,60+,Conservative,Some college or more
1687,교사라서,Female,18-29,Centrist,No college
1690,배트남 이민자에 대한 좋은 이미지,Male,40-49,Conservative,Some college or more
1693,사회보탬,Male,30-39,Conservative,No college
1698,선호하는 국가임,Male,50-59,Conservative,Some college or more
1704,능력,Female,50-59,Centrist,No college
1706,객관적으로 생각을하면 그냥 제3국에 정착을 한다는것은 이해하기가 어렵다. 자국을 탈피하여 3국에서 직업을 찾는다든가 또 공부를 목적으로 온다면 가능하겠지만.... 현재 우리나라 사정을 고려한다면 유학또는 공부를 핑계로 입국하여서 기간이 지나면 불법체류자가 되는 현실이 안타깝기 때문에 또 이런 분류의 사람들로 인하여 내국인의 국내 고용상황이 어려워지기 때문이다.,Male,50-59,Centrist,No college
1709,인도적,Male,50-59,Conservative,Some college or more
1716,우리의 동포이고 유창한 한국말을 구사할줄 알기때문에 더 선호합니다.,Female,50-59,Centrist,No college
1738,산업 발전에 도울 될 것 같음,Male,50-59,Conservative,Some college or more
1736,확실한 신원보장,Male,50-59,Centrist,No college
1740,그냥,Female,50-59,Centrist,No college
1748,한국어를 할줄암.,Male,30-39,Progressive,Some college or more
1764,비밀,Male,30-39,Centrist,Some college or more
1770,..,Male,50-59,Centrist,Some college or more
1779,동포이고 기술도 가지고 있으므로,Male,40-49,Conservative,Some college or more
1781,소통이 될 것 같아서,Female,40-49,Centrist,Some college or more
1783,ㄴ,Female,50-59,Conservative,Some college or more
1789,같은동포라서,Female,50-59,Centrist,Some college or more
1791,"민족성,우호국가",Male,50-59,Progressive,Some college or more
1807,동질감과 노력하는 모습,Male,50-59,Progressive,Some college or more
1812,민족주의,Male,50-59,Progressive,Some college or more
1817,특별한 이유 없다,Female,40-49,Conservative,Some college or more
1819,신뢰,Female,60+,Conservative,Some college or more
1824,한국에서는 간호사가 조금 더 이민을 하는데 쉬울거 같아서,Female,18-29,Centrist,Some college or more
957,구직계획이 확실하냐를 우선으로 했음,Female,50-59,Centrist,Some college or more
1827,직업이 분명해서 불법체류가 될 확률이 적을거 같다,Male,30-39,Conservative,Some college or more
1840,각국의 경제력 인식,Female,60+,Centrist,No college
1872,한국어 능력,Male,30-39,Progressive,Some college or more
1874,"고용주와 계약이 되었고, 한국에서 살려고 하는 의도가 확실하기 때문",Female,30-39,Progressive,Some college or more
1881,북한 주민은 우리 동포이니까,Female,50-59,Progressive,Some college or more
1892,동포,Female,50-59,Centrist,Some college or more
1903,그게 좋아보여서,Female,40-49,Centrist,Some college or more
1904,dma,Female,40-49,Conservative,Some college or more
1911,동포니까,Male,50-59,Progressive,Some college or more
1926,한국사회에 피해를 끼칠 우려가 적고 사회에 잘 융화되어 살 수 있을 것 같다,Male,30-39,Centrist,Some college or more
1928,유창한 한국어 구사,Female,30-39,Progressive,Some college or more
1932,한국에 적응할 의지가 있는지 여부,Female,50-59,Centrist,No college
1935,직업 및 취업계획,Male,60+,Centrist,No college
1966,국적과 희망직업이 안전한 이민자 같다,Male,30-39,Progressive,Some college or more
1971,기술직,Male,60+,Centrist,Some college or more
1985,더 신뢰가 가는 인물같아서,Female,30-39,Centrist,Some college or more
1998,인간은 평등하고 어느나라에서나 살 수 있는 권리가 있기 때문에,Female,60+,Centrist,Some college or more
2004,그냥,Male,40-49,Conservative,No college
2010,그냥,Female,60+,Centrist,No college
2011,위화감이 덜 느껴져서,Female,30-39,Centrist,Some college or more
2023,ㄴㅇㄹ호,Female,60+,Centrist,Some college or more
2046,특별한 이유없음,Male,50-59,Centrist,Some college or more
2051,여성이며 동포임,Male,60+,Conservative,No college
2062,무무무,Female,60+,Progressive,No college
2074,미국 국적이라,Female,60+,Centrist,No college
2076,이미 한국인 고용주와 계약이 되어 있어서 더 안정적으로 정착할 것 같다.,Female,60+,Centrist,No college
2078,같은 민족으로 동조화 쉬움.,Male,50-59,Progressive,Some college or more
2081,그걸선호해서,Female,60+,Centrist,Some college or more
2087,국내에 필요한 인력이라고 생각한다,Female,60+,Conservative,Some college or more
2088,신원확인의 용이함,Female,60+,Conservative,No college
2089,국적,Female,60+,Centrist,No college
2091,언어소통에별문제사없으메취업되어우리나라에정착하는데문제가최소할것같음,Male,50-59,Progressive,Some college or more
2092,민족정서 고려,Female,60+,Conservative,No college
2095,언어 소통 가능한점,Female,60+,Conservative,Some college or more
2096,특별히 선호하는것 보다 이민을 허가하는 편임,Female,60+,Centrist,No college
2097,북한사람만 아니면 됨 중국이나 베트남도 선호하지 않지만 북한사람은 더더욱 싫음,Female,60+,Progressive,No college
2098,"직업종류에따라 선택하고, 나라 이미지에 선택했음",Female,60+,Centrist,No college
2100,직업(연구과학자),Female,60+,Centrist,Some college or more
2101,분단된 우리민족이므로,Female,60+,Centrist,Some college or more
2104,고용주와 계약되어 있어,Male,50-59,Progressive,Some college or more
2105,직업이 의사여서,Female,60+,Conservative,No college
2107,한국어를 할줄아는 사람.,Female,60+,Conservative,No college
2111,망명이고 고용계약이 완료됨,Female,60+,Conservative,Some college or more
2114,북이 싫어 망명했으며 미래사회에 적응하기 쉬운 컴퓨터프로그래머로서 정착이 쉬울것 같다,Female,60+,Conservative,Some college or more
2113,이민준비가 되어 있어서.,Female,60+,Conservative,No college
2112,한국 사회에 적응이 가능하고 국가에 듣이됨,Female,60+,Centrist,Some college or more
2118,일하면세금내니깐요,Female,30-39,Centrist,Some college or more
2120,동포란 점이 이민자 허가의 중요한 요인입니다,Female,60+,Conservative,Some college or more
2121,한국에 위협이 되는 대상은 제외했다 잘 적응 가능한 한국어 능통자 또는 한국어를 구사하기 위해 노력하는 자 선택,Female,60+,Centrist,Some college or more
2122,그냥싫으니깐,Female,50-59,Conservative,No college
2123,예맨보다 나을거같다,Female,60+,Progressive,Some college or more
2124,마음에 들어서,Female,50-59,Progressive,Some college or more
2125,"조금이라도 한국어 사용, 공부",Female,60+,Progressive,No college
2129,특별히 없어요,Female,60+,Centrist,No college
2130,우리나라 근로자의 이익을 침해하지 않는 선에서 근무할 수 있다고 생각함,Female,60+,Centrist,Some college or more
2131,1번 후보는 북한 출신임에도 불구하고 한국말을 하지 못하는 이유가 석연치 않음,Male,50-59,Progressive,Some college or more
2132,"취업은 자유로울 수 있으나, 망명은 신중하게 받아들여야함",Male,60+,Centrist,Some college or more
2134,같은민족,Female,60+,Centrist,Some college or more
2135,고학력자,Female,60+,Conservative,No college
2137,좋아서,Female,60+,Conservative,Some college or more
2138,학력이 좋다,Female,30-39,Progressive,No college
2139,우리나라에 필요한사람,Female,50-59,Centrist,No college
2140,국가의 이미지로 판단하였음,Female,60+,Centrist,No college
2143,이민의 뜻이 확고한 것 같다,Female,60+,Progressive,Some college or more
2147,국적차이 때문,Female,50-59,Centrist,Some college or more
2148,망명자 우선적 배려 필요,Female,60+,Progressive,Some college or more
2149,출신국가,Male,60+,Conservative,No college
2150,전문직이라 신뢰가 높아서,Female,60+,Conservative,Some college or more
2151,구직채용계약이 되어있고 동포이므로,Female,40-49,Progressive,Some college or more
2154,북한과는 관계개선후 차후로,Female,60+,Centrist,Some college or more
2155,별 차이는 없다,Female,60+,Centrist,No college
2157,친근해서,Female,60+,Progressive,Some college or more
2162,호감이가서,Female,50-59,Progressive,No college
2163,여성이라서,Female,60+,Centrist,Some college or more
2167,상대적으로 선택하지 않은 후보자보다 호감이 가서,Female,50-59,Centrist,Some college or more
2170,구직활동,Female,60+,Progressive,Some college or more
2174,정확한 사유가 필요함,Female,60+,Centrist,Some college or more
2175,적응을 잘 할 것 같아서,Male,60+,Centrist,Some college or more
2180,없다,Female,60+,Centrist,Some college or more
2184,친근한 느낌이 들어서,Female,60+,Conservative,No college
2186,모든 인종에 대해 포용하는 것이 바람직해서,Female,60+,Centrist,No college
2189,자국에서의 적응 능력,Male,60+,Centrist,Some college or more
2194,없음,Female,50-59,Conservative,Some college or more
2197,기술,Female,50-59,Centrist,Some college or more
2202,없음,Male,50-59,Conservative,Some college or more
2204,직장이 정해졌으므로.,Male,60+,Centrist,Some college or more
2212,취업이 완료되어,Female,60+,Conservative,No college
2219,더 나아 보여서,Female,60+,Centrist,No college
2220,이유없음,Female,60+,Centrist,Some college or more
2224,사회의 일원으로 도움이 될것같다,Female,60+,Conservative,No college
2229,같은 민족 동포라서 잘 어룰릴 것,Female,60+,Conservative,No college
2234,착하고 성실할 것같다.,Female,60+,Centrist,Some college or more
2235,조건이 더 좋아서,Male,50-59,Progressive,Some college or more
2243,곧 정착할수 있을 것 같아서,Female,60+,Centrist,Some college or more
2245,고용확정,Female,60+,Conservative,No college
2260,비슷,Female,60+,Centrist,No college
2273,정착이 안정적일것같다,Female,60+,Centrist,No college
2280,선진국 사람이라,Female,60+,Centrist,Some college or more
2299,"방금선택한 후보가 북한사람 아니었던가요? 북한사람이면, 지금 언어가 잘 통하지 않아도, 북한은 우리랑 같은민족이므로, 언어,성별등 다른 조건이 불리해도, 다른 나라사람보다 우선시되었음합니다.",Female,60+,Centrist,No college
2315,위험하지 않을거 같아서,Female,60+,Conservative,No college
2316,선택하고싶어서 햇습니다,Female,60+,Progressive,Some college or more
2341,취업 완료 상태 때문에,Female,60+,Conservative,No college
2343,실력이 더 좋다,Female,60+,Conservative,Some college or more
2353,일본적대감 북한동포애,Female,60+,Conservative,No college
2357,구직과 언어 모두 준비를 성실히 한것같아서,Female,30-39,Progressive,Some college or more
2363,미국 여성이라 안전할것 같아서,Female,60+,Conservative,Some college or more
2364,거짓없이 기록한 것 같아서,Female,60+,Conservative,No college
2372,아시아인이라 한국인 정서가 비슷해서 문제 될게 없다.,Female,60+,Progressive,Some college or more
2377,내국인들이 가장 힘들어하는 부분이여서입니다,Female,60+,Centrist,No college
2380,저임금,Male,50-59,Conservative,Some college or more
2404,동포,Female,60+,Progressive,Some college or more
2407,그냥,Female,60+,Centrist,Some college or more
2409,농촌일손 부족,Female,60+,Progressive,Some college or more
2762,특별히 선호하지 않음,Female,60+,Centrist,Some college or more
2787,이유없습,Female,60+,Progressive,No college
2815,선택지가 좁다,Male,40-49,Centrist,Some college or more
2817,정착에 필요한 언어 습득 및 구직 계획 등,Female,30-39,Centrist,No college
2818,우리나라에서 살고 싶어하고 어느 정도 자격 요건도 갖추고 있으므로,Male,40-49,Centrist,Some college or more
2822,같은 민족인 이유도 있고 중국인은 좋은 이미지가 아니어서 북한 선택,Male,40-49,Centrist,Some college or more
2823,우리에게 도움이 될 수 있을 것 같다.,Female,40-49,Progressive,Some college or more
2913,특별한 이유는 없음,Female,60+,Centrist,Some college or more
2920,없네요,Female,60+,Conservative,No college
2937,우리나라에 이득이 될 것 같아서...,Male,30-39,Centrist,Some college or more
2939,두명은 보육교사로 오는 것에 대해서 현재 한국에서 근무하는 보육교사들의 이미지로 인해 자녀를 맡기기 어려울 것 같고 다른 한명은 농부로써 현재 농촌에 일손이 부족하여서 선호하게 되었음,Male,30-39,Centrist,Some college or more
3023,학업적으로 높기때문에,Female,60+,Centrist,Some college or more
3029,한국어 사용,Female,60+,Centrist,No college
3039,신분 및 목적이 확실하며 국익에 도움이 될꺼라 판단됨,Female,60+,Conservative,Some college or more
3050,면접까지 통과되었기 때문에,Female,60+,Progressive,Some college or more
